"","name","age","count","country_id"
"1","james",59,2327,"US"
"2","robert",72,599,"US"
"3","john",71,263,"US"
"4","michael",70,875,"US"
"5","david",72,533,"US"
"6","william",67,3116,"US"
"7","richard",68,802,"US"
"8","joseph",58,2139,"US"
"9","thomas",62,850,"US"
"10","charles",72,1872,"US"
"11","christopher",42,3654,"US"
"12","daniel",71,99,"US"
"13","matthew",45,4554,"US"
"14","anthony",72,1419,"US"
"15","mark",70,1271,"US"
"16","donald",69,3215,"US"
"17","steven",60,2387,"US"
"18","paul",72,125,"US"
"19","andrew",71,751,"US"
"20","joshua",49,3721,"US"
"21","kenneth",51,3020,"US"
"22","kevin",58,1395,"US"
"23","brian",51,4611,"US"
"24","george",72,727,"US"
"25","timothy",48,5689,"US"
"26","ronald",50,1821,"US"
"27","edward",49,2291,"US"
"28","jason",45,1362,"US"
"29","jeffrey",50,5304,"US"
"30","ryan",69,1800,"US"
"31","jacob",42,1309,"US"
"32","gary",58,2314,"US"
"33","nicholas",34,2874,"US"
"34","eric",71,90,"US"
"35","jonathan",65,849,"US"
"36","stephen",71,1900,"US"
"37","larry",70,2498,"US"
"38","justin",41,2536,"US"
"39","scott",56,5992,"US"
"40","brandon",50,4769,"US"
"41","benjamin",45,444,"US"
"42","samuel",70,330,"US"
"43","gregory",68,1969,"US"
"44","alexander",66,158,"US"
"45","frank",71,326,"US"
"46","patrick",71,30,"US"
"47","raymond",34,1114,"US"
"48","jack",71,386,"US"
"49","dennis",72,1653,"US"
"50","jerry",69,1518,"US"
"51","tyler",64,1826,"US"
"52","aaron",44,2139,"US"
"53","jose",71,2,"US"
"54","adam",67,123,"US"
"55","nathan",43,1811,"US"
"56","henry",51,422,"US"
"57","douglas",66,2624,"US"
"58","zachary",39,2012,"US"
"59","peter",64,32,"US"
"60","kyle",44,3108,"US"
"61","ethan",51,262,"US"
"62","walter",34,375,"US"
"63","noah",52,459,"US"
"64","jeremy",47,1384,"US"
"65","christian",63,7,"US"
"66","keith",65,2866,"US"
"67","roger",70,431,"US"
"68","terry",70,1537,"US"
"69","gerald",68,844,"US"
"70","harold",66,709,"US"
"71","sean",46,2045,"US"
"72","austin",41,803,"US"
"73","carl",69,992,"US"
"74","arthur",68,660,"US"
"75","lawrence",67,1215,"US"
"76","dylan",51,281,"US"
"77","jesse",38,2208,"US"
"78","jordan",59,576,"US"
"79","bryan",43,2467,"US"
"80","billy",66,734,"US"
"81","joe",70,680,"US"
"82","bruce",69,1538,"US"
"83","gabriel",65,83,"US"
"84","logan",35,281,"US"
"85","albert",69,268,"US"
"86","willie",61,378,"US"
"87","alan",70,618,"US"
"88","juan",71,4,"US"
"89","wayne",69,1213,"US"
"90","elijah",48,149,"US"
"91","randy",48,2562,"US"
"92","roy",47,577,"US"
"93","vincent",69,213,"US"
"94","ralph",47,742,"US"
"95","eugene",65,683,"US"
"96","russell",45,1845,"US"
"97","bobby",45,793,"US"
"98","mason",36,208,"US"
"99","philip",64,919,"US"
"100","louis",66,561,"US"
"101","mary",72,545,"US"
"102","patricia",72,256,"US"
"103","jennifer",47,1058,"US"
"104","linda",62,741,"US"
"105","elizabeth",69,737,"US"
"106","barbara",71,244,"US"
"107","susan",72,1110,"US"
"108","jessica",59,100,"US"
"109","sarah",70,122,"US"
"110","karen",72,907,"US"
"111","lisa",58,727,"US"
"112","nancy",71,842,"US"
"113","betty",71,272,"US"
"114","margaret",69,480,"US"
"115","sandra",71,412,"US"
"116","ashley",55,512,"US"
"117","kimberly",59,1817,"US"
"118","emily",60,258,"US"
"119","donna",72,1364,"US"
"120","michelle",51,575,"US"
"121","carol",70,540,"US"
"122","amanda",60,200,"US"
"123","dorothy",69,290,"US"
"124","melissa",59,767,"US"
"125","deborah",70,1407,"US"
"126","stephanie",67,299,"US"
"127","rebecca",69,711,"US"
"128","sharon",63,742,"US"
"129","laura",69,180,"US"
"130","cynthia",70,1181,"US"
"131","kathleen",69,839,"US"
"132","amy",61,1054,"US"
"133","angela",70,99,"US"
"134","shirley",70,341,"US"
"135","anna",71,6,"US"
"136","brenda",70,1098,"US"
"137","pamela",70,882,"US"
"138","emma",68,45,"US"
"139","nicole",56,26,"US"
"140","helen",70,187,"US"
"141","samantha",54,131,"US"
"142","katherine",64,536,"US"
"143","christine",71,81,"US"
"144","debra",71,1499,"US"
"145","rachel",62,173,"US"
"146","carolyn",69,573,"US"
"147","janet",69,518,"US"
"148","catherine",71,99,"US"
"149","heather",50,1464,"US"
"150","diane",69,709,"US"
"151","ruth",71,185,"US"
"152","julie",51,304,"US"
"153","olivia",69,44,"US"
"154","joyce",69,375,"US"
"155","virginia",68,237,"US"
"156","victoria",70,225,"US"
"157","kelly",64,1103,"US"
"158","lauren",40,533,"US"
"159","christina",59,397,"US"
"160","joan",70,185,"US"
"161","evelyn",71,208,"US"
"162","judith",70,241,"US"
"163","megan",35,547,"US"
"164","andrea",70,33,"US"
"165","cheryl",70,1075,"US"
"166","hannah",56,67,"US"
"167","jacqueline",44,185,"US"
"168","martha",69,276,"US"
"169","gloria",71,234,"US"
"170","teresa",70,181,"US"
"171","ann",67,232,"US"
"172","sara",72,49,"US"
"173","madison",71,36,"US"
"174","frances",34,207,"US"
"175","kathryn",66,506,"US"
"176","janice",70,425,"US"
"177","jean",29,3,"US"
"178","abigail",58,75,"US"
"179","alice",68,125,"US"
"180","julia",69,81,"US"
"181","judy",70,578,"US"
"182","sophia",58,51,"US"
"183","grace",46,147,"US"
"184","denise",67,577,"US"
"185","amber",51,653,"US"
"186","doris",69,114,"US"
"187","marilyn",69,276,"US"
"188","danielle",53,336,"US"
"189","beverly",68,401,"US"
"190","isabella",57,16,"US"
"191","theresa",67,796,"US"
"192","diana",70,284,"US"
"193","natalie",42,183,"US"
"194","brittany",35,294,"US"
"195","charlotte",68,127,"US"
"196","marie",71,4,"US"
"197","kayla",60,125,"US"
"198","alexis",61,61,"US"
"199","lori",64,1256,"US"
